project_type,acquisition_stage,land_area,affected_families,compensation_completion_pct,pending_approvals,legal_disputes,possession_pct,rehabilitation_completion_pct,stakeholder_response_days,elapsed_acquisition_days,delayed
INDUSTRIAL,NOTIFICATION,28.11,594,22.5,5,2,57.0,8.8,49,403,1
IRRIGATION,VALUATION,188.87,499,49.5,1,4,70.7,34.8,68,989,1
INDUSTRIAL,SURVEY,102.86,454,86.1,2,0,33.5,4.2,27,825,1
IRRIGATION,NOTIFICATION,288.21,482,88.1,3,2,58.9,21.1,55,643,1
URBAN,REHABILITATION,139.86,255,5.1,0,2,53.1,58.1,63,1117,1
URBAN,POSSESSION,108.98,461,87.1,0,2,76.3,21.7,63,518,0
IRRIGATION,NOTIFICATION,269.07,184,99.3,0,3,42.6,84.5,60,618,0
URBAN,VALUATION,106.55,111,42.6,2,4,44.5,93.9,55,113,1
INDUSTRIAL,POSSESSION,68.8,338,58.1,5,0,96.1,99.2,30,1123,0
IRRIGATION,COMPLETED,68.79,316,6.6,4,1,41.4,61.4,38,231,1
IRRIGATION,REHABILITATION,55.79,635,76.4,2,0,62.5,72.6,59,376,0
RAILWAY,SURVEY,137.42,578,57.5,0,2,87.0,98.5,74,147,1
INDUSTRIAL,VALUATION,51.69,629,9.6,2,0,15.3,52.3,73,97,1
ROAD,COMPENSATION,182.79,540,71.8,4,0,36.3,40.5,15,684,0
ROAD,VALUATION,254.53,457,35.7,3,3,20.5,72.2,27,674,1
INDUSTRIAL,REHABILITATION,55.63,468,59.7,1,4,75.4,12.3,88,452,1
IRRIGATION,NOTIFICATION,127.29,265,59.5,3,4,32.0,27.6,17,171,1
INDUSTRIAL,VALUATION,316.49,503,59.8,1,4,17.9,60.9,54,125,1
IRRIGATION,NOTIFICATION,94.96,597,84.2,1,1,27.3,90.2,84,1296,0
IRRIGATION,REHABILITATION,23.42,467,54.5,3,3,97.6,11.2,31,1177,1
IRRIGATION,NOTIFICATION,321.71,413,99.6,1,2,81.0,47.9,72,397,0
URBAN,VALUATION,19.12,555,83.4,2,2,31.1,97.0,76,443,1
ROAD,SURVEY,75.7,484,50.1,4,4,35.4,47.9,77,136,1
RAILWAY,NOTIFICATION,146.53,683,71.6,0,1,23.5,8.3,57,494,1
IRRIGATION,NOTIFICATION,125.25,118,5.4,1,2,3.5,83.2,10,365,1
URBAN,SURVEY,55.46,521,69.2,5,0,25.4,20.3,65,510,1
URBAN,SURVEY,210.41,48,23.4,1,2,4.4,44.4,12,117,1
RAILWAY,POSSESSION,166.86,563,83.1,4,4,99.4,90.1,65,223,1
RAILWAY,COMPENSATION,113.86,459,75.8,2,0,73.9,32.5,75,1223,0
INDUSTRIAL,REHABILITATION,90.18,517,63.5,0,3,4.6,49.4,11,722,0
ROAD,NOTIFICATION,19.72,138,43.1,2,2,30.8,97.1,22,1149,1
IRRIGATION,REHABILITATION,2.37,9,57.8,1,0,35.0,59.6,2,773,0
URBAN,COMPENSATION,99.53,444,39.3,2,0,38.5,90.0,1,399,1
ROAD,REHABILITATION,120.49,659,87.9,4,3,38.4,19.8,19,824,1
ROAD,NOTIFICATION,162.46,488,47.0,5,1,87.5,72.3,6,499,1
URBAN,SURVEY,263.72,393,13.3,0,3,19.9,19.2,64,652,1
URBAN,REHABILITATION,69.55,297,90.5,3,4,87.0,59.2,20,124,0
ROAD,NOTIFICATION,72.76,216,62.0,0,0,83.0,35.3,38,969,0
RAILWAY,REHABILITATION,116.08,643,93.3,5,0,84.8,77.0,9,293,0
RAILWAY,COMPENSATION,85.23,399,89.9,2,2,36.8,40.5,76,299,1
INDUSTRIAL,VALUATION,44.32,659,83.7,0,4,38.5,2.9,24,931,1
IRRIGATION,NOTIFICATION,85.97,70,85.2,3,1,65.8,48.8,61,493,1
URBAN,NOTIFICATION,163.49,193,28.9,3,2,6.6,76.5,52,1268,1
ROAD,NOTIFICATION,9.77,345,72.7,4,2,3.1,18.7,58,1238,1
ROAD,VALUATION,40.37,641,76.5,5,1,8.5,54.1,53,687,1
URBAN,NOTIFICATION,82.94,387,53.0,4,0,37.5,37.3,65,917,1
URBAN,REHABILITATION,121.39,442,46.3,1,4,48.2,18.1,27,362,1
INDUSTRIAL,COMPENSATION,26.92,123,31.7,5,2,70.7,35.3,7,579,1
IRRIGATION,NOTIFICATION,25.92,346,50.5,0,2,0.9,14.7,39,793,1
RAILWAY,REHABILITATION,55.4,525,73.9,3,2,76.3,46.7,61,35,1
ROAD,REHABILITATION,206.59,251,76.0,4,3,36.4,34.1,27,1061,1
IRRIGATION,SURVEY,108.74,245,69.9,0,0,62.3,17.7,31,973,0
ROAD,VALUATION,183.45,545,13.7,5,2,15.8,21.9,83,500,1
INDUSTRIAL,SURVEY,283.01,11,57.0,3,2,53.8,74.4,81,299,1
URBAN,COMPLETED,83.82,664,48.7,5,3,48.0,21.1,53,1102,1
INDUSTRIAL,SURVEY,158.13,345,24.3,4,2,15.2,61.6,85,606,1
INDUSTRIAL,REHABILITATION,52.14,535,61.5,5,4,71.7,85.7,36,1177,1
IRRIGATION,VALUATION,49.98,594,47.1,0,2,48.8,8.3,63,572,1
ROAD,VALUATION,251.06,253,99.1,3,3,4.8,87.0,21,102,1
URBAN,COMPLETED,28.94,252,83.5,3,3,66.9,51.4,26,847,1
INDUSTRIAL,VALUATION,48.86,300,22.1,0,3,69.2,2.7,7,954,1
INDUSTRIAL,NOTIFICATION,48.05,397,81.8,4,2,33.7,32.2,56,980,1
ROAD,NOTIFICATION,279.01,206,24.4,4,2,63.8,39.6,66,895,1
IRRIGATION,POSSESSION,78.08,37,23.3,4,3,95.4,73.3,56,341,1
RAILWAY,REHABILITATION,284.31,178,87.9,0,3,69.4,35.5,61,962,1
INDUSTRIAL,VALUATION,167.89,436,33.2,2,1,50.8,60.9,23,470,1
IRRIGATION,COMPLETED,146.59,173,59.9,0,2,79.5,37.9,19,542,1
URBAN,NOTIFICATION,112.37,450,15.8,0,4,45.9,7.3,32,616,1
IRRIGATION,SURVEY,194.48,314,78.3,0,1,74.8,57.8,11,670,1
IRRIGATION,REHABILITATION,64.03,369,31.9,2,2,86.5,64.0,45,1084,1
IRRIGATION,SURVEY,143.35,515,19.7,2,2,45.9,34.6,55,84,1
RAILWAY,COMPLETED,67.19,390,59.0,1,3,52.1,11.5,9,994,0
RAILWAY,POSSESSION,71.27,559,45.7,4,1,83.7,4.8,4,893,1
INDUSTRIAL,NOTIFICATION,15.74,321,92.6,1,2,75.7,99.0,12,90,0
RAILWAY,SURVEY,55.35,42,9.6,0,3,56.9,6.4,30,583,1
IRRIGATION,REHABILITATION,255.48,20,23.2,0,4,20.5,67.4,77,1187,1
INDUSTRIAL,POSSESSION,68.96,220,98.0,5,4,99.8,38.9,8,417,1
ROAD,SURVEY,178.81,40,30.7,5,4,32.4,98.3,51,293,1
URBAN,COMPLETED,51.68,549,91.5,0,2,10.0,85.8,42,874,1
URBAN,VALUATION,40.27,172,36.5,4,0,89.8,72.9,10,272,1
IRRIGATION,VALUATION,31.03,641,29.3,1,3,17.7,55.9,2,1273,1
ROAD,COMPLETED,234.65,83,67.5,3,3,8.9,77.9,10,538,0
RAILWAY,NOTIFICATION,225.51,329,45.4,0,3,35.9,86.7,47,570,1
URBAN,POSSESSION,35.1,30,14.0,4,1,28.1,1.5,56,1015,1
URBAN,COMPENSATION,28.96,324,51.3,0,0,88.7,86.4,13,160,0
URBAN,SURVEY,56.96,123,95.8,5,0,71.9,79.1,63,908,1
INDUSTRIAL,COMPENSATION,88.89,678,56.4,5,4,29.2,84.6,73,923,1
RAILWAY,VALUATION,64.03,460,92.3,2,4,25.9,58.3,58,1059,1
INDUSTRIAL,VALUATION,124.16,132,51.8,0,0,34.6,98.9,49,1158,1
URBAN,COMPENSATION,51.67,679,58.1,3,3,49.9,97.1,11,1104,0
RAILWAY,NOTIFICATION,74.25,369,59.0,2,3,95.5,43.6,59,482,1
ROAD,NOTIFICATION,128.83,561,33.5,2,2,95.5,97.2,48,833,1
URBAN,COMPENSATION,311.36,617,69.2,1,0,35.2,17.1,79,746,0
IRRIGATION,COMPLETED,49.16,665,58.1,1,0,48.1,34.4,1,900,0
ROAD,NOTIFICATION,127.47,159,83.2,1,1,4.3,37.6,62,1200,1
ROAD,VALUATION,111.44,546,83.9,2,3,38.1,29.0,7,593,1
INDUSTRIAL,VALUATION,131.33,32,82.3,2,1,56.7,6.0,21,1047,1
IRRIGATION,POSSESSION,95.95,464,49.7,1,2,31.4,16.3,10,340,1
URBAN,SURVEY,199.96,51,8.0,5,1,94.4,23.3,15,199,1
RAILWAY,REHABILITATION,36.95,73,39.0,3,1,48.5,3.6,11,130,1
RAILWAY,NOTIFICATION,43.18,300,25.8,1,3,30.9,85.3,19,640,1
ROAD,SURVEY,14.05,660,49.2,5,1,11.4,39.8,6,1230,1
INDUSTRIAL,REHABILITATION,142.27,455,10.4,1,4,93.2,88.8,10,407,1
INDUSTRIAL,COMPLETED,119.14,108,47.1,5,3,60.2,47.2,58,98,1
INDUSTRIAL,COMPENSATION,54.41,10,60.3,1,3,40.3,16.0,81,333,1
INDUSTRIAL,SURVEY,151.5,243,6.1,2,4,94.2,56.4,19,387,1
ROAD,VALUATION,41.21,141,41.0,2,2,58.6,82.4,89,995,1
RAILWAY,COMPLETED,160.47,96,25.1,5,4,48.8,63.5,7,1119,1
IRRIGATION,REHABILITATION,157.22,149,90.7,0,1,63.6,34.8,14,592,0
INDUSTRIAL,VALUATION,225.09,646,74.3,5,2,7.6,69.2,45,771,1
URBAN,COMPLETED,71.46,441,25.2,5,4,56.4,4.1,20,720,1
INDUSTRIAL,COMPENSATION,161.57,186,33.3,4,3,82.5,91.9,37,486,1
ROAD,VALUATION,12.21,108,44.7,5,0,68.5,71.0,26,609,1
URBAN,SURVEY,245.63,10,11.5,5,3,63.7,89.4,21,492,1
IRRIGATION,COMPENSATION,212.39,609,16.5,4,1,71.5,44.8,78,599,1
RAILWAY,REHABILITATION,59.56,568,81.2,5,0,21.4,85.0,26,504,0
IRRIGATION,COMPLETED,131.03,156,15.9,2,0,13.5,9.0,67,1036,1
INDUSTRIAL,NOTIFICATION,87.34,470,53.5,0,2,21.2,62.0,83,1287,1
IRRIGATION,COMPLETED,60.44,362,92.3,1,1,78.3,88.8,52,305,0
RAILWAY,COMPLETED,89.47,9,89.9,4,1,23.9,74.9,13,1242,1
URBAN,COMPENSATION,227.73,20,43.1,0,3,39.2,30.3,19,1029,1
INDUSTRIAL,POSSESSION,257.84,366,5.5,3,0,48.4,12.8,46,531,1
IRRIGATION,COMPLETED,26.88,417,21.1,3,4,79.9,82.6,63,893,1
ROAD,SURVEY,59.56,171,39.6,5,3,37.5,2.5,18,684,1
IRRIGATION,VALUATION,38.93,47,97.2,5,4,9.1,4.4,15,904,1
RAILWAY,POSSESSION,38.45,495,57.1,5,2,87.3,79.4,21,362,1
IRRIGATION,POSSESSION,74.01,537,88.7,3,3,34.1,45.1,16,736,1
INDUSTRIAL,COMPLETED,123.19,262,50.6,2,3,48.5,95.7,35,255,1
URBAN,REHABILITATION,132.16,249,40.6,5,3,61.8,7.1,73,947,1
ROAD,COMPLETED,116.27,605,68.1,1,2,66.2,56.4,64,1068,1
ROAD,NOTIFICATION,92.46,34,95.0,4,0,74.3,38.1,75,437,1
INDUSTRIAL,SURVEY,199.54,625,59.5,3,1,38.8,65.7,85,311,1
INDUSTRIAL,VALUATION,88.76,610,73.8,4,1,10.9,51.3,33,1059,1
ROAD,POSSESSION,35.42,384,92.4,2,0,69.3,18.7,56,102,1
INDUSTRIAL,POSSESSION,57.93,245,75.0,4,0,38.6,4.2,18,707,1
ROAD,NOTIFICATION,129.57,302,89.9,5,3,35.0,42.6,13,896,1
IRRIGATION,NOTIFICATION,80.87,118,40.6,5,1,59.4,19.9,11,465,1
IRRIGATION,VALUATION,93.66,23,94.3,5,3,58.3,72.1,15,1186,1
INDUSTRIAL,SURVEY,83.22,564,87.7,3,2,40.1,70.6,73,548,1
URBAN,COMPENSATION,131.36,600,99.6,3,4,85.6,27.0,46,519,1
ROAD,VALUATION,255.6,237,98.3,3,1,44.0,99.1,26,178,1
RAILWAY,COMPLETED,47.01,523,12.6,1,0,84.9,36.6,52,969,1
IRRIGATION,COMPLETED,126.92,613,57.4,0,3,56.1,14.9,22,1114,0
URBAN,SURVEY,161.15,118,91.9,3,1,84.5,32.3,71,589,1
URBAN,POSSESSION,32.88,227,79.3,2,3,78.3,27.5,49,394,1
INDUSTRIAL,NOTIFICATION,95.55,134,28.7,3,1,93.6,60.3,74,1067,1
RAILWAY,COMPENSATION,191.85,224,57.9,3,0,67.2,66.4,30,614,1
IRRIGATION,NOTIFICATION,29.48,70,99.5,4,1,26.9,24.0,21,1100,1
RAILWAY,SURVEY,76.44,116,79.2,4,1,45.4,36.2,8,322,1
URBAN,REHABILITATION,48.02,653,79.4,5,0,64.5,52.2,35,623,1
IRRIGATION,POSSESSION,104.7,696,12.8,2,3,88.3,47.2,33,340,1
ROAD,NOTIFICATION,105.97,512,53.6,0,0,30.6,79.3,77,674,0
URBAN,POSSESSION,379.14,515,49.6,5,1,12.6,48.1,56,1009,1
RAILWAY,NOTIFICATION,190.6,78,74.0,0,4,6.8,53.9,68,936,1
ROAD,SURVEY,134.2,300,94.4,5,1,15.5,99.7,8,502,1
INDUSTRIAL,COMPENSATION,132.12,642,94.5,2,2,66.6,63.9,53,867,1
URBAN,COMPLETED,63.71,288,58.7,2,4,10.2,24.0,40,1185,1
INDUSTRIAL,REHABILITATION,56.27,116,82.0,1,1,69.3,20.0,52,356,0
IRRIGATION,REHABILITATION,2.52,294,27.6,1,3,90.4,51.5,76,1212,1
IRRIGATION,COMPENSATION,149.17,663,84.3,3,4,22.0,0.2,50,673,1
IRRIGATION,SURVEY,48.24,318,86.6,0,1,61.1,40.5,60,1178,1
URBAN,SURVEY,36.53,571,9.8,4,3,66.6,18.3,78,911,1
RAILWAY,VALUATION,156.68,561,90.6,3,4,67.2,65.5,66,1208,1
URBAN,COMPLETED,142.78,235,28.6,5,4,80.5,13.2,26,612,1
ROAD,NOTIFICATION,45.98,219,73.1,2,3,71.0,29.1,28,959,1
URBAN,COMPENSATION,246.72,8,81.1,5,2,46.2,5.2,71,528,1
ROAD,REHABILITATION,175.68,13,60.3,3,1,15.0,42.6,70,648,1
INDUSTRIAL,COMPLETED,83.19,464,79.1,2,2,69.4,34.3,8,852,1
INDUSTRIAL,SURVEY,51.45,621,33.3,5,4,41.7,63.6,52,1240,1
ROAD,VALUATION,26.61,144,56.9,1,1,45.1,47.0,26,510,0
IRRIGATION,VALUATION,37.04,685,82.1,1,3,78.5,68.8,58,584,1
INDUSTRIAL,REHABILITATION,92.96,134,42.3,3,1,36.5,17.1,41,1225,1
RAILWAY,NOTIFICATION,126.77,470,25.1,5,3,53.6,39.5,65,1255,1
ROAD,COMPENSATION,150.59,609,93.5,1,1,27.6,57.9,65,1129,1
RAILWAY,COMPENSATION,87.8,130,41.1,0,3,59.5,86.6,43,1195,1
ROAD,VALUATION,141.17,72,37.3,1,2,96.2,2.5,70,1278,1
RAILWAY,VALUATION,62.75,378,55.6,0,1,61.9,6.5,1,375,0
URBAN,REHABILITATION,64.55,473,61.6,1,2,48.5,99.4,58,343,0
ROAD,VALUATION,41.3,647,20.0,1,2,64.4,74.6,87,240,0
URBAN,COMPENSATION,17.22,572,7.1,2,2,60.3,65.1,62,893,1
URBAN,REHABILITATION,96.14,475,37.4,0,3,7.1,97.5,29,588,0
RAILWAY,COMPLETED,92.22,5,86.9,5,1,40.0,89.7,56,768,1
URBAN,NOTIFICATION,24.98,313,63.5,0,2,28.8,77.7,55,551,0
RAILWAY,COMPLETED,45.42,92,84.3,1,3,82.1,3.6,16,418,0
URBAN,NOTIFICATION,81.16,488,21.8,1,0,95.3,4.6,82,119,1
IRRIGATION,SURVEY,137.71,139,21.9,0,3,20.6,11.8,11,71,1
RAILWAY,NOTIFICATION,250.75,144,84.1,0,0,59.4,61.1,35,1135,0
ROAD,VALUATION,65.27,425,84.3,2,4,70.6,14.9,67,259,1
INDUSTRIAL,COMPLETED,82.71,157,69.1,3,1,89.1,96.9,27,690,1
INDUSTRIAL,SURVEY,181.39,647,48.8,2,1,38.6,53.9,40,597,1
URBAN,SURVEY,4.45,492,16.0,5,0,25.9,45.0,64,1141,1
INDUSTRIAL,SURVEY,156.02,101,55.1,4,0,3.2,12.4,55,439,1
IRRIGATION,REHABILITATION,58.34,537,81.8,3,3,20.3,4.7,41,526,1
ROAD,REHABILITATION,114.53,642,19.8,5,0,63.1,78.2,77,305,1
INDUSTRIAL,VALUATION,183.95,389,74.3,2,4,92.0,42.3,62,257,1
URBAN,POSSESSION,115.33,233,69.5,0,2,12.7,5.9,8,923,1
INDUSTRIAL,SURVEY,104.05,102,69.6,4,4,71.1,33.1,49,36,1
ROAD,POSSESSION,138.24,260,10.4,2,1,92.1,78.5,32,352,1
URBAN,VALUATION,142.69,350,74.5,5,3,54.9,33.2,84,320,1
URBAN,SURVEY,91.11,319,49.6,1,2,16.6,86.7,32,1266,1
IRRIGATION,SURVEY,135.92,191,60.6,4,0,91.7,14.4,37,1202,1
RAILWAY,NOTIFICATION,184.36,137,96.5,5,1,64.3,78.1,7,289,1
RAILWAY,POSSESSION,178.14,612,49.3,5,2,49.5,92.5,86,909,1
INDUSTRIAL,POSSESSION,144.95,159,69.2,1,0,93.5,37.9,59,59,0
INDUSTRIAL,COMPENSATION,68.99,685,9.4,1,0,7.2,76.5,48,346,0
INDUSTRIAL,SURVEY,164.95,128,91.7,3,2,98.3,60.3,52,299,1
INDUSTRIAL,POSSESSION,106.91,187,58.1,3,0,72.8,59.7,4,1001,1
INDUSTRIAL,COMPLETED,107.21,167,27.0,0,4,3.9,18.3,64,442,1
RAILWAY,VALUATION,79.01,358,82.5,0,4,63.2,75.6,29,1213,0
URBAN,COMPLETED,131.02,16,91.7,2,1,98.3,76.1,32,927,1
INDUSTRIAL,COMPENSATION,227.07,652,57.7,1,4,51.9,0.4,51,491,1
INDUSTRIAL,COMPENSATION,87.33,173,26.7,2,1,22.9,44.0,3,1082,1
IRRIGATION,COMPLETED,223.59,222,40.6,2,3,20.9,51.5,52,40,1
RAILWAY,SURVEY,191.46,459,17.4,0,0,29.9,67.5,62,1286,1
IRRIGATION,REHABILITATION,26.57,290,59.9,3,4,23.2,19.6,65,44,1
INDUSTRIAL,POSSESSION,91.0,213,92.8,5,0,46.3,22.2,20,1033,0
URBAN,SURVEY,143.34,566,88.9,5,0,43.0,28.0,77,107,1
INDUSTRIAL,COMPENSATION,143.42,85,14.5,5,3,65.6,20.4,6,505,1
RAILWAY,COMPENSATION,191.49,90,85.8,3,0,83.5,3.9,27,694,1
IRRIGATION,SURVEY,44.26,626,55.3,4,4,66.9,17.4,56,568,1
URBAN,COMPLETED,12.43,352,31.9,0,3,29.8,31.3,20,1283,1
URBAN,COMPLETED,72.05,301,95.8,1,4,17.9,69.1,18,1120,0
INDUSTRIAL,COMPLETED,40.51,605,13.7,5,0,26.8,3.5,32,1293,1
INDUSTRIAL,VALUATION,55.8,5,90.9,5,2,75.9,74.9,20,1278,1
RAILWAY,VALUATION,64.14,320,71.4,0,3,29.0,80.2,61,346,0
INDUSTRIAL,VALUATION,100.59,333,58.5,1,3,2.6,2.7,10,677,1
RAILWAY,POSSESSION,89.24,620,71.4,3,2,91.2,43.0,15,978,1
ROAD,NOTIFICATION,148.16,500,19.0,0,0,64.6,38.3,2,860,0
INDUSTRIAL,COMPLETED,125.83,137,47.2,2,2,3.6,92.8,23,818,1
IRRIGATION,VALUATION,71.58,68,92.6,3,2,63.7,78.1,51,903,1
ROAD,POSSESSION,50.35,276,73.1,1,3,56.9,39.9,54,608,1
ROAD,NOTIFICATION,141.13,313,50.7,4,4,16.9,74.7,36,775,1
ROAD,REHABILITATION,252.03,323,82.7,5,2,35.0,7.8,28,962,1
INDUSTRIAL,VALUATION,199.94,227,83.8,3,2,99.2,4.4,21,847,1
URBAN,COMPENSATION,99.84,18,86.3,0,3,88.3,27.8,10,556,0
RAILWAY,COMPLETED,216.6,7,93.6,0,2,77.9,32.3,88,330,0
INDUSTRIAL,SURVEY,153.62,516,24.6,3,2,92.5,4.1,36,230,1
IRRIGATION,POSSESSION,179.01,343,69.9,1,1,7.9,5.5,31,1275,1
ROAD,POSSESSION,157.64,493,73.8,2,4,59.8,83.1,81,97,1
RAILWAY,POSSESSION,16.59,170,26.3,0,3,14.3,68.8,24,1141,1
IRRIGATION,POSSESSION,86.06,684,8.3,3,3,64.9,82.3,34,373,1
INDUSTRIAL,NOTIFICATION,135.19,375,74.0,0,2,7.6,88.7,7,855,1
ROAD,COMPLETED,138.94,297,79.4,4,0,2.0,32.3,54,1000,1
INDUSTRIAL,COMPENSATION,40.55,69,71.0,3,3,74.1,19.8,37,792,1
IRRIGATION,VALUATION,52.54,215,31.0,0,1,2.5,13.4,69,876,1
RAILWAY,POSSESSION,143.59,466,58.9,5,0,3.4,87.0,31,1091,1
INDUSTRIAL,VALUATION,88.63,205,99.6,5,0,49.6,90.3,35,1222,0
ROAD,POSSESSION,90.64,79,19.9,1,3,73.8,17.7,3,919,1
URBAN,REHABILITATION,31.62,324,41.1,3,1,49.9,20.2,45,494,1
IRRIGATION,REHABILITATION,136.88,646,70.5,0,2,51.8,39.4,23,932,1
URBAN,REHABILITATION,90.18,221,60.0,5,4,22.4,78.5,71,527,1
IRRIGATION,COMPENSATION,126.18,199,45.9,2,1,91.5,87.1,11,232,1
IRRIGATION,SURVEY,225.57,656,96.1,3,1,1.0,79.7,64,1151,1
INDUSTRIAL,COMPLETED,207.16,245,16.6,5,3,87.4,9.7,85,621,1
URBAN,VALUATION,142.82,309,57.9,5,0,4.9,36.7,56,1288,1
IRRIGATION,COMPLETED,179.19,28,48.1,4,1,73.2,64.4,14,1226,1
ROAD,NOTIFICATION,3.98,676,83.4,5,0,52.0,69.0,75,45,0
URBAN,POSSESSION,174.62,562,51.2,3,1,95.1,53.7,16,552,1
URBAN,COMPENSATION,144.02,78,7.1,4,1,44.6,93.5,7,1080,1
URBAN,NOTIFICATION,35.18,271,99.0,2,4,78.2,84.7,74,233,1
RAILWAY,NOTIFICATION,114.9,142,59.8,1,1,94.8,31.5,72,385,0
RAILWAY,REHABILITATION,35.89,424,56.7,0,1,22.0,64.0,7,449,0
URBAN,REHABILITATION,130.19,259,77.5,1,4,7.4,14.7,5,515,1
URBAN,REHABILITATION,13.98,196,64.3,0,4,27.3,9.3,13,893,1
URBAN,SURVEY,125.31,9,17.8,0,4,25.7,84.9,72,36,1
ROAD,SURVEY,48.97,592,62.1,1,2,4.4,31.8,57,125,1
IRRIGATION,REHABILITATION,85.13,52,47.6,4,4,46.6,65.1,62,957,1
INDUSTRIAL,REHABILITATION,315.46,228,62.0,3,1,64.7,83.2,61,362,0
INDUSTRIAL,SURVEY,168.52,364,55.7,4,1,90.0,45.2,68,1238,0
URBAN,REHABILITATION,178.14,192,92.9,5,4,24.9,10.4,89,375,1
INDUSTRIAL,COMPENSATION,101.6,134,37.8,4,1,14.0,53.4,13,1295,1
IRRIGATION,COMPLETED,84.05,243,79.8,5,2,21.2,1.9,14,961,1
RAILWAY,REHABILITATION,88.4,305,68.6,5,2,84.0,88.1,20,833,1
INDUSTRIAL,COMPLETED,131.94,502,79.6,0,4,22.2,85.3,54,791,1
URBAN,NOTIFICATION,125.67,89,20.0,2,3,99.4,92.8,61,880,1
URBAN,SURVEY,44.59,530,74.1,1,1,1.4,58.0,56,1050,1
RAILWAY,REHABILITATION,68.44,29,72.5,0,1,90.3,7.7,74,963,1
ROAD,VALUATION,160.8,466,38.5,3,4,39.7,17.0,67,646,1
URBAN,COMPLETED,60.38,354,68.2,5,1,55.1,79.3,23,1021,1
IRRIGATION,POSSESSION,88.6,128,8.6,5,0,15.5,79.8,57,679,1
INDUSTRIAL,REHABILITATION,105.95,534,77.3,4,2,31.0,75.9,36,583,1
URBAN,NOTIFICATION,351.0,151,59.5,4,2,73.5,60.7,89,869,1
RAILWAY,POSSESSION,234.09,601,39.1,5,0,99.3,99.7,14,435,0
INDUSTRIAL,COMPENSATION,174.11,164,90.6,3,0,12.3,14.9,89,361,1
ROAD,COMPLETED,77.85,178,82.7,3,2,68.0,62.1,88,613,1
URBAN,VALUATION,228.27,84,49.7,1,3,75.5,10.5,38,422,1
URBAN,COMPLETED,84.74,369,92.8,4,3,76.5,15.3,4,1212,1
RAILWAY,COMPLETED,49.93,536,59.5,3,1,15.6,4.5,1,907,1
RAILWAY,VALUATION,386.85,97,33.8,5,3,99.3,19.6,39,921,1
INDUSTRIAL,REHABILITATION,52.98,352,48.1,4,3,93.3,56.8,53,318,1
URBAN,COMPLETED,87.58,527,75.0,3,1,37.9,42.0,20,838,1
URBAN,NOTIFICATION,202.5,661,32.6,3,2,62.6,52.4,54,396,1
IRRIGATION,VALUATION,36.17,615,8.2,3,4,100.0,39.3,42,170,1
IRRIGATION,VALUATION,44.67,562,10.7,0,4,51.5,57.0,72,698,1
URBAN,NOTIFICATION,76.92,234,94.4,2,1,69.1,22.2,65,103,1
URBAN,COMPLETED,147.65,172,25.5,2,0,26.4,69.0,75,1014,1
ROAD,COMPLETED,140.61,274,46.2,3,3,40.0,77.1,79,436,1
RAILWAY,NOTIFICATION,133.41,451,76.9,1,0,76.9,6.2,51,1270,0
ROAD,COMPLETED,117.39,284,11.5,2,3,41.5,46.3,30,483,1
INDUSTRIAL,COMPENSATION,66.38,353,96.4,3,0,60.7,53.0,84,1096,0
ROAD,COMPLETED,46.82,350,98.0,5,4,42.5,7.1,4,1131,1
INDUSTRIAL,VALUATION,186.08,431,67.3,5,1,81.0,31.6,54,625,1
RAILWAY,SURVEY,182.69,188,13.8,0,3,79.2,66.5,34,726,1
IRRIGATION,NOTIFICATION,103.8,315,82.2,1,4,20.9,87.6,84,335,0
IRRIGATION,COMPLETED,40.16,654,26.7,1,2,86.9,1.4,18,706,1
URBAN,REHABILITATION,39.3,602,57.1,2,2,2.1,7.0,31,177,1
RAILWAY,COMPLETED,40.0,80,20.7,0,2,91.0,3.6,6,468,1
URBAN,COMPLETED,294.28,670,46.5,3,1,11.5,31.5,24,674,1
URBAN,REHABILITATION,238.48,79,25.7,4,2,9.9,47.3,12,713,1
URBAN,VALUATION,150.35,437,99.4,3,0,38.5,33.8,61,1056,1
IRRIGATION,VALUATION,362.66,556,65.7,3,3,45.1,33.4,6,101,1
RAILWAY,VALUATION,124.79,317,58.5,4,2,74.2,75.9,86,472,1
INDUSTRIAL,NOTIFICATION,146.59,614,77.4,4,1,17.1,96.1,34,1171,1
RAILWAY,COMPENSATION,107.13,577,68.1,4,4,68.8,93.0,24,1286,1
IRRIGATION,SURVEY,130.71,158,41.8,0,1,0.8,63.6,40,325,1
IRRIGATION,COMPLETED,104.61,33,81.4,0,0,63.2,95.3,33,411,0
IRRIGATION,NOTIFICATION,79.26,190,11.3,4,0,10.0,24.0,79,171,1
INDUSTRIAL,SURVEY,203.83,108,36.7,0,1,74.3,18.7,49,983,1
INDUSTRIAL,VALUATION,56.62,290,14.6,4,0,15.4,40.6,67,1122,1
URBAN,POSSESSION,283.0,697,93.6,3,1,48.1,43.6,44,1213,1
INDUSTRIAL,COMPENSATION,67.44,192,14.1,3,4,21.5,77.6,42,1284,1
URBAN,VALUATION,108.0,589,43.7,0,4,82.3,92.5,50,975,1
URBAN,VALUATION,122.4,205,87.0,3,1,53.8,87.1,84,279,1
URBAN,SURVEY,230.27,314,53.8,2,1,88.4,46.6,37,1203,1
IRRIGATION,NOTIFICATION,94.57,337,56.1,2,3,40.7,52.3,67,1017,1
IRRIGATION,VALUATION,190.33,180,8.2,1,2,2.2,56.7,43,302,1
IRRIGATION,COMPLETED,100.8,607,25.9,2,3,54.7,92.5,11,498,1
IRRIGATION,REHABILITATION,36.89,83,10.1,3,2,88.8,29.7,61,107,1
RAILWAY,COMPLETED,88.39,45,68.7,5,4,82.2,39.0,8,902,1
IRRIGATION,NOTIFICATION,153.48,197,90.5,0,4,35.4,14.7,3,81,0
ROAD,VALUATION,14.07,613,71.9,5,4,26.9,48.2,34,33,1
ROAD,COMPENSATION,233.32,567,45.5,3,0,32.4,73.0,9,1188,1
IRRIGATION,REHABILITATION,131.32,693,32.9,5,0,20.4,84.6,81,458,1
IRRIGATION,POSSESSION,118.92,618,51.0,5,3,26.2,30.6,6,248,1
RAILWAY,COMPENSATION,58.45,39,61.8,3,3,12.5,22.5,40,913,1
INDUSTRIAL,COMPLETED,205.56,627,6.4,1,2,82.2,72.4,1,128,0
ROAD,POSSESSION,66.81,525,73.3,1,2,73.7,18.4,20,269,0
RAILWAY,COMPENSATION,53.21,138,70.8,2,4,66.3,85.5,55,292,0
URBAN,SURVEY,3.1,166,99.1,1,3,14.1,66.0,72,1027,1
INDUSTRIAL,REHABILITATION,73.77,657,22.5,0,3,37.2,35.2,38,1198,1
RAILWAY,COMPLETED,103.89,38,13.2,1,2,47.3,79.2,39,896,1
INDUSTRIAL,VALUATION,179.63,516,39.5,3,2,99.2,62.5,59,859,1
ROAD,REHABILITATION,100.7,515,49.4,3,0,60.7,92.1,68,819,1
INDUSTRIAL,NOTIFICATION,137.83,600,48.1,5,1,63.2,60.1,63,224,1
INDUSTRIAL,VALUATION,201.78,209,50.9,3,4,8.1,16.8,40,1237,1
URBAN,POSSESSION,210.56,12,76.1,5,2,43.8,74.8,14,1194,1
IRRIGATION,NOTIFICATION,41.61,613,29.7,2,1,87.1,20.5,80,47,1
URBAN,REHABILITATION,116.68,14,23.4,2,0,60.1,36.2,7,78,1
INDUSTRIAL,COMPENSATION,187.69,552,82.3,5,3,29.9,51.2,70,361,1
INDUSTRIAL,SURVEY,128.81,97,88.0,4,2,4.2,40.4,56,660,1
URBAN,REHABILITATION,74.69,291,77.5,4,3,62.7,45.1,54,789,1
URBAN,SURVEY,146.67,251,7.5,3,2,83.8,82.4,85,371,1
ROAD,COMPENSATION,50.24,384,97.9,2,4,23.6,49.5,17,665,1
ROAD,NOTIFICATION,106.15,142,99.4,4,3,60.6,90.1,71,452,1
INDUSTRIAL,REHABILITATION,46.7,258,65.3,1,4,55.9,1.0,50,1082,1
ROAD,COMPLETED,45.34,667,39.6,4,3,93.4,73.3,71,442,1
URBAN,REHABILITATION,72.73,33,43.7,3,4,80.3,96.7,28,523,1
IRRIGATION,SURVEY,32.6,291,95.3,4,1,36.3,63.1,72,801,1
IRRIGATION,POSSESSION,84.67,37,60.7,1,3,8.6,10.6,82,611,1
ROAD,POSSESSION,40.89,459,48.5,3,1,67.8,14.2,34,418,1
INDUSTRIAL,REHABILITATION,236.6,354,68.1,0,3,72.9,16.5,54,447,0
IRRIGATION,POSSESSION,54.22,595,65.8,5,3,91.1,53.7,71,284,1
URBAN,REHABILITATION,78.66,153,53.2,2,4,23.0,6.2,19,446,1
INDUSTRIAL,VALUATION,127.48,12,79.6,1,1,11.7,94.7,48,1277,1
URBAN,COMPENSATION,81.6,54,52.7,5,3,94.9,37.0,64,1069,1
RAILWAY,COMPENSATION,226.33,583,96.8,1,4,23.2,91.1,1,281,0
ROAD,POSSESSION,101.75,18,90.5,2,3,17.8,0.9,59,570,1
INDUSTRIAL,POSSESSION,68.14,422,15.3,2,2,7.8,93.2,73,83,1
URBAN,COMPENSATION,73.34,99,32.6,5,3,23.9,40.7,2,160,1
URBAN,POSSESSION,91.04,511,61.9,3,0,83.1,30.4,62,190,0
RAILWAY,NOTIFICATION,142.76,670,62.1,0,1,49.1,99.2,87,1239,1
RAILWAY,NOTIFICATION,136.52,565,6.1,5,3,68.9,85.3,20,989,1
RAILWAY,POSSESSION,80.3,619,8.2,2,1,10.8,85.1,68,309,1
ROAD,REHABILITATION,34.26,381,45.4,0,0,80.9,22.5,30,92,0
ROAD,COMPENSATION,42.61,383,99.0,5,1,21.5,60.5,7,1015,1
ROAD,NOTIFICATION,113.88,652,36.6,5,3,90.7,76.3,13,207,1
INDUSTRIAL,VALUATION,86.79,127,7.5,0,3,82.7,92.6,42,716,1
INDUSTRIAL,COMPENSATION,107.4,485,18.4,0,2,84.0,35.7,60,651,1
RAILWAY,POSSESSION,100.1,379,53.7,5,0,73.1,56.8,14,899,1
INDUSTRIAL,REHABILITATION,67.04,374,71.1,1,3,80.5,95.8,22,792,1
IRRIGATION,VALUATION,175.92,423,19.7,2,4,69.6,6.5,13,1219,1
ROAD,COMPENSATION,157.14,632,71.0,3,1,4.0,74.7,60,303,1
ROAD,REHABILITATION,202.79,576,91.0,4,0,14.5,58.5,38,844,1
RAILWAY,COMPENSATION,155.22,634,59.4,2,1,6.6,59.8,60,245,1
RAILWAY,NOTIFICATION,148.65,540,99.6,3,3,23.8,96.8,51,895,1
IRRIGATION,COMPLETED,113.62,444,93.8,3,1,59.2,41.4,72,297,1
IRRIGATION,POSSESSION,171.88,383,12.4,5,4,65.5,65.4,19,879,1
IRRIGATION,COMPENSATION,63.34,497,92.7,4,0,30.6,27.9,27,1127,1
RAILWAY,COMPLETED,47.57,143,81.1,3,1,68.6,94.0,33,867,1
ROAD,NOTIFICATION,62.83,497,80.9,5,4,45.2,68.9,27,697,1
INDUSTRIAL,POSSESSION,58.23,613,93.1,0,4,97.9,60.3,85,358,0
ROAD,SURVEY,86.89,582,11.1,1,3,41.7,90.9,17,1182,1
ROAD,POSSESSION,108.97,225,28.2,5,3,85.3,38.0,77,1282,1
RAILWAY,NOTIFICATION,92.71,400,54.4,0,3,77.7,42.3,29,917,1
IRRIGATION,COMPENSATION,126.41,318,70.6,4,2,88.8,70.2,87,484,1
IRRIGATION,COMPLETED,41.44,271,76.4,3,2,75.1,63.7,46,143,1
RAILWAY,NOTIFICATION,34.77,146,64.3,0,0,68.9,42.2,56,1264,0
IRRIGATION,SURVEY,103.57,488,7.2,1,2,85.9,91.6,14,1264,1
INDUSTRIAL,POSSESSION,121.53,109,58.5,4,3,70.1,12.9,53,622,1
INDUSTRIAL,REHABILITATION,110.86,30,9.5,1,0,49.5,72.9,49,666,0
ROAD,REHABILITATION,68.28,134,77.3,2,3,29.5,49.2,50,498,1
ROAD,VALUATION,90.01,400,55.2,3,2,57.1,60.5,85,80,1
INDUSTRIAL,POSSESSION,189.26,285,90.9,1,4,6.1,32.7,63,96,1
INDUSTRIAL,NOTIFICATION,82.35,119,53.3,3,1,95.5,24.6,23,1104,1
RAILWAY,SURVEY,16.68,277,42.1,4,1,20.2,26.4,32,428,1
URBAN,VALUATION,59.4,622,86.0,2,0,13.0,81.3,3,278,0
IRRIGATION,NOTIFICATION,226.11,263,46.7,4,4,17.9,54.2,2,417,1
INDUSTRIAL,POSSESSION,112.51,484,61.6,4,1,3.2,62.7,37,774,1
URBAN,NOTIFICATION,40.13,351,37.1,0,1,82.5,78.8,33,169,1
ROAD,POSSESSION,63.8,62,59.6,4,1,28.4,49.3,61,571,1
RAILWAY,SURVEY,85.02,112,67.5,2,4,16.8,5.9,76,399,1
RAILWAY,VALUATION,28.7,345,46.4,2,3,63.8,7.6,47,424,1
RAILWAY,POSSESSION,151.45,55,20.9,0,1,41.1,72.6,70,919,1
RAILWAY,NOTIFICATION,327.14,144,49.2,2,0,96.5,11.3,47,1214,1
INDUSTRIAL,VALUATION,310.78,327,14.5,3,3,23.0,68.8,6,1152,1
INDUSTRIAL,REHABILITATION,110.06,263,76.5,2,2,0.2,25.6,3,482,1
URBAN,COMPLETED,76.31,670,17.0,0,1,53.9,51.6,27,158,1
INDUSTRIAL,VALUATION,188.82,425,20.8,2,1,46.7,19.9,12,406,1
URBAN,COMPLETED,147.96,208,35.8,5,4,71.9,40.9,11,464,1
IRRIGATION,POSSESSION,129.39,392,10.7,1,3,5.4,88.9,56,405,1
RAILWAY,COMPLETED,62.03,48,66.4,4,0,43.9,58.2,23,477,0
RAILWAY,COMPENSATION,101.37,387,45.6,0,4,84.6,82.7,23,40,1
ROAD,POSSESSION,250.75,618,69.8,1,3,74.5,33.8,39,721,1
INDUSTRIAL,COMPLETED,62.74,691,48.6,5,1,0.2,45.5,62,399,1
RAILWAY,REHABILITATION,46.44,650,66.1,0,3,96.4,40.0,44,854,1
ROAD,REHABILITATION,26.0,518,36.5,0,1,2.7,62.8,7,550,1
INDUSTRIAL,POSSESSION,253.62,263,44.8,3,4,71.5,30.4,10,1178,1
ROAD,COMPENSATION,87.32,533,44.6,3,2,90.3,4.9,24,738,1
URBAN,NOTIFICATION,103.88,393,60.4,2,2,39.7,57.0,60,1023,1
ROAD,REHABILITATION,84.0,245,29.5,3,2,8.7,8.1,71,150,1
RAILWAY,COMPENSATION,91.06,96,13.2,2,3,48.0,82.6,24,619,1
RAILWAY,POSSESSION,101.51,456,17.2,4,4,81.3,7.4,49,610,1
INDUSTRIAL,NOTIFICATION,157.69,536,75.7,1,3,37.7,19.3,79,1170,1
INDUSTRIAL,VALUATION,58.6,150,50.4,5,0,28.7,76.9,67,1148,1
ROAD,VALUATION,166.66,124,73.4,0,0,65.7,8.1,40,1258,0
URBAN,SURVEY,141.87,628,27.3,2,3,4.7,87.7,74,554,1
IRRIGATION,SURVEY,102.03,384,56.5,5,0,13.5,17.5,83,105,1
ROAD,VALUATION,172.74,628,52.2,3,1,14.7,65.1,25,860,1
RAILWAY,POSSESSION,105.63,626,16.0,5,1,64.1,55.3,68,160,1
RAILWAY,NOTIFICATION,92.16,295,78.6,2,0,1.9,3.4,22,708,1
URBAN,SURVEY,191.19,598,52.1,1,2,26.4,8.8,45,742,1
INDUSTRIAL,SURVEY,136.84,489,99.4,3,0,69.8,63.2,85,254,1
INDUSTRIAL,COMPENSATION,100.24,29,40.6,2,3,70.5,25.1,65,115,1
URBAN,VALUATION,87.26,162,20.0,5,1,71.6,74.5,71,476,1
URBAN,COMPLETED,123.29,587,22.0,3,3,24.8,33.5,3,904,1
URBAN,VALUATION,88.31,617,9.9,4,3,95.1,73.7,13,97,1
IRRIGATION,POSSESSION,177.53,436,54.6,2,2,20.2,36.7,72,791,1
ROAD,POSSESSION,217.73,428,77.4,1,1,93.8,86.1,47,962,1
IRRIGATION,REHABILITATION,50.88,322,54.0,3,3,82.4,9.5,85,1228,1
RAILWAY,COMPENSATION,233.42,468,97.6,4,1,28.4,77.1,13,951,1
IRRIGATION,COMPLETED,101.16,263,17.8,5,2,84.1,52.3,12,393,1
ROAD,SURVEY,99.57,150,30.9,1,3,50.1,42.1,15,1112,1
ROAD,COMPLETED,216.38,65,86.7,1,1,15.2,65.9,60,281,1
INDUSTRIAL,COMPLETED,39.91,324,37.3,5,3,78.4,32.7,84,377,1
IRRIGATION,VALUATION,207.2,639,85.7,2,2,43.4,69.9,62,874,1
INDUSTRIAL,POSSESSION,101.43,653,69.1,4,2,77.7,18.9,7,566,1
INDUSTRIAL,NOTIFICATION,92.39,72,28.0,0,1,48.1,56.0,65,724,1
RAILWAY,COMPLETED,33.48,206,21.6,4,0,13.7,77.0,4,257,1
ROAD,SURVEY,144.5,327,39.8,3,2,60.2,68.6,59,800,1
RAILWAY,VALUATION,21.91,85,22.3,3,3,4.3,60.9,88,376,1
RAILWAY,COMPENSATION,180.51,157,64.2,1,2,73.5,89.2,8,872,1
RAILWAY,COMPENSATION,100.63,193,10.6,2,2,70.9,76.6,34,1220,1
IRRIGATION,COMPENSATION,340.98,579,53.9,1,3,81.3,49.3,43,763,1
IRRIGATION,SURVEY,112.58,62,13.8,0,0,78.4,2.9,5,368,1
INDUSTRIAL,REHABILITATION,127.06,447,59.4,3,4,6.6,83.5,11,804,1
URBAN,REHABILITATION,206.58,628,40.3,5,1,5.1,54.8,66,498,1
IRRIGATION,SURVEY,305.12,561,5.7,1,3,93.0,28.6,36,882,1
INDUSTRIAL,POSSESSION,14.71,390,48.2,4,4,49.3,54.0,13,618,1
INDUSTRIAL,SURVEY,63.75,636,87.3,5,0,37.7,44.4,38,1125,1
RAILWAY,SURVEY,52.98,407,98.4,1,4,39.6,61.0,31,369,0
RAILWAY,COMPENSATION,86.14,698,95.2,5,2,3.2,77.9,54,168,1
ROAD,COMPLETED,62.37,280,29.8,4,1,2.3,69.3,20,1132,1
INDUSTRIAL,SURVEY,237.99,572,27.4,2,1,77.1,69.5,54,71,1
INDUSTRIAL,REHABILITATION,111.09,426,96.9,0,1,40.2,79.2,84,1088,1
ROAD,NOTIFICATION,180.6,605,94.0,3,2,62.8,36.9,10,1156,1
RAILWAY,NOTIFICATION,89.15,179,23.8,2,2,50.2,31.5,34,350,1
INDUSTRIAL,NOTIFICATION,44.3,517,39.5,2,4,73.1,93.0,83,729,1
ROAD,SURVEY,200.68,279,48.9,3,2,5.4,94.9,68,1297,1
URBAN,POSSESSION,81.06,641,62.9,1,1,54.9,20.9,35,841,1
RAILWAY,NOTIFICATION,77.38,595,51.1,4,1,91.0,71.3,77,727,1
URBAN,REHABILITATION,122.66,71,6.2,5,0,34.3,79.8,80,47,0
ROAD,NOTIFICATION,116.47,554,74.5,3,4,3.4,69.8,77,1155,1
IRRIGATION,COMPLETED,71.44,248,44.4,5,2,84.6,0.9,42,872,1
ROAD,COMPENSATION,77.0,552,6.1,4,3,24.4,79.6,75,970,1
IRRIGATION,COMPLETED,56.76,391,84.3,5,2,95.0,18.3,62,529,1
INDUSTRIAL,REHABILITATION,41.65,373,73.9,0,0,19.7,18.9,18,1190,0
RAILWAY,NOTIFICATION,196.23,66,25.5,0,3,60.2,0.9,77,691,1
IRRIGATION,NOTIFICATION,52.69,198,34.3,4,3,7.9,46.5,63,814,1
RAILWAY,REHABILITATION,26.65,184,67.3,4,3,75.9,88.0,74,591,1
RAILWAY,VALUATION,159.59,194,12.6,0,3,74.3,93.1,8,1229,1
IRRIGATION,VALUATION,111.23,118,57.7,5,3,27.4,30.6,41,995,1
RAILWAY,SURVEY,42.72,335,69.3,5,1,26.6,71.1,84,1199,1
RAILWAY,COMPENSATION,185.58,675,63.0,0,1,92.6,54.0,89,840,1
URBAN,VALUATION,121.5,648,24.8,1,1,83.4,74.0,26,927,1
URBAN,VALUATION,77.37,260,76.0,2,4,45.9,27.3,62,56,1
IRRIGATION,SURVEY,68.61,509,57.5,4,3,40.2,52.4,17,1037,1
URBAN,REHABILITATION,78.09,196,91.7,0,2,24.9,72.1,32,110,0
INDUSTRIAL,REHABILITATION,76.87,692,50.1,2,3,71.7,96.4,29,683,1
INDUSTRIAL,REHABILITATION,326.93,143,97.5,4,4,96.9,12.8,3,454,1
URBAN,COMPLETED,53.73,173,89.6,0,3,76.3,58.4,62,852,0
INDUSTRIAL,POSSESSION,153.15,680,47.2,4,2,17.8,35.5,30,784,1
URBAN,NOTIFICATION,32.08,272,79.2,4,3,5.3,11.4,7,547,1
ROAD,NOTIFICATION,63.01,57,15.9,3,0,32.8,80.4,43,1133,1
ROAD,VALUATION,87.14,178,19.7,5,3,31.4,1.6,82,824,1
IRRIGATION,VALUATION,35.73,16,88.6,2,0,46.6,29.2,64,566,0
ROAD,NOTIFICATION,69.22,622,33.0,5,0,61.7,46.1,9,1153,1
URBAN,COMPENSATION,46.99,615,61.4,4,4,24.7,7.1,59,274,1
RAILWAY,COMPENSATION,82.03,376,98.9,2,2,78.4,91.1,60,617,1
URBAN,SURVEY,177.63,380,31.3,2,2,29.9,39.3,49,856,1
IRRIGATION,POSSESSION,84.98,385,17.9,2,1,47.1,24.8,58,881,1
IRRIGATION,VALUATION,96.83,59,82.1,1,2,90.2,12.2,45,839,0
ROAD,VALUATION,143.28,393,93.3,2,0,94.6,47.1,42,555,0
IRRIGATION,COMPLETED,107.69,434,56.2,3,1,30.4,87.1,43,326,0
IRRIGATION,COMPENSATION,74.19,208,45.0,5,0,30.3,58.0,62,334,1
ROAD,VALUATION,33.48,389,88.9,3,1,70.1,62.4,77,1294,1
RAILWAY,NOTIFICATION,95.62,332,93.0,0,0,47.8,53.5,43,617,0
INDUSTRIAL,NOTIFICATION,223.44,29,44.1,2,4,47.6,83.9,5,118,1
URBAN,POSSESSION,71.41,97,87.1,4,0,14.4,30.0,79,1262,1
RAILWAY,SURVEY,19.0,123,60.7,3,4,46.8,77.6,63,1225,1
IRRIGATION,VALUATION,213.35,307,70.1,4,2,56.9,59.2,8,172,0
RAILWAY,POSSESSION,45.08,142,71.3,5,4,37.2,36.4,69,1165,1
INDUSTRIAL,REHABILITATION,61.52,385,95.7,1,1,93.3,80.8,84,639,0
URBAN,POSSESSION,107.21,569,29.1,4,1,26.2,2.2,4,678,1
INDUSTRIAL,POSSESSION,30.21,246,95.4,5,4,68.9,19.6,16,677,1
IRRIGATION,POSSESSION,53.41,67,25.3,5,0,88.6,65.1,78,111,0
ROAD,POSSESSION,83.35,534,42.6,1,0,47.1,85.0,78,730,0
RAILWAY,SURVEY,93.7,495,38.9,3,3,85.8,35.5,48,249,1
IRRIGATION,REHABILITATION,242.54,83,93.8,4,4,86.5,83.0,15,846,1
RAILWAY,COMPLETED,139.52,84,81.7,4,1,19.4,91.1,24,845,1
RAILWAY,POSSESSION,151.1,146,20.6,5,0,16.8,34.4,85,179,1
IRRIGATION,COMPLETED,29.04,682,23.8,3,1,86.5,82.6,73,937,1
URBAN,COMPLETED,18.92,350,47.8,4,2,82.2,9.8,31,169,1
RAILWAY,NOTIFICATION,167.92,414,46.3,3,3,6.9,53.7,41,1294,1
ROAD,VALUATION,137.67,32,36.0,1,3,8.6,18.5,56,99,1
IRRIGATION,POSSESSION,121.35,145,92.8,3,2,24.5,39.2,55,247,1
RAILWAY,NOTIFICATION,41.31,627,23.3,0,4,44.3,24.3,77,349,1
IRRIGATION,SURVEY,94.11,620,78.4,0,0,37.8,77.3,22,1057,0
IRRIGATION,COMPLETED,73.19,83,79.7,1,1,12.5,34.1,45,537,1
URBAN,SURVEY,231.81,35,59.2,4,4,93.6,81.6,2,878,1
RAILWAY,SURVEY,34.18,200,64.3,3,4,16.5,68.2,60,283,1
IRRIGATION,COMPENSATION,59.67,394,81.2,5,1,25.4,81.3,88,1145,1
ROAD,COMPLETED,133.48,499,55.0,4,3,67.3,30.1,41,808,1
ROAD,NOTIFICATION,249.07,46,32.1,0,1,88.7,87.4,71,979,1
ROAD,COMPLETED,32.32,602,19.9,0,2,48.3,51.2,67,75,1
ROAD,POSSESSION,83.58,527,71.5,4,1,1.3,12.8,43,1261,1
RAILWAY,POSSESSION,14.26,383,38.0,3,1,7.9,25.7,78,305,1
RAILWAY,VALUATION,271.63,198,6.5,3,3,93.7,4.5,34,707,1
URBAN,COMPLETED,98.52,136,52.0,2,4,41.2,77.5,23,894,1
URBAN,COMPENSATION,134.89,681,90.0,5,3,54.3,84.6,62,323,1
RAILWAY,VALUATION,232.79,614,81.8,5,3,33.2,82.0,29,807,1
IRRIGATION,NOTIFICATION,220.85,273,36.0,5,2,81.8,18.7,33,729,1
RAILWAY,REHABILITATION,160.49,404,27.6,1,4,54.2,43.6,25,529,1
URBAN,VALUATION,73.22,689,65.4,2,1,92.2,13.7,76,1149,1
ROAD,COMPENSATION,18.1,201,98.1,1,2,27.0,17.4,21,623,0
URBAN,REHABILITATION,130.83,273,64.3,5,1,48.6,58.2,63,799,1
IRRIGATION,COMPENSATION,112.42,107,95.5,2,2,30.1,97.5,86,898,1
ROAD,SURVEY,39.22,430,51.3,0,0,74.6,46.2,45,463,0
RAILWAY,VALUATION,170.6,256,30.8,4,1,53.0,68.6,14,436,1
RAILWAY,COMPENSATION,59.28,677,20.9,3,2,13.1,22.7,83,569,1
IRRIGATION,REHABILITATION,107.46,441,62.2,4,4,78.5,5.6,33,234,0
IRRIGATION,SURVEY,102.65,685,38.9,3,2,82.0,10.9,69,1182,1
ROAD,REHABILITATION,35.73,212,54.8,1,3,51.9,53.6,45,312,0
ROAD,POSSESSION,55.37,40,70.6,5,3,10.8,47.2,49,485,1
INDUSTRIAL,POSSESSION,327.95,237,10.3,0,0,92.2,14.4,67,736,0
IRRIGATION,REHABILITATION,174.41,584,65.2,5,1,89.6,66.2,58,1202,1
RAILWAY,NOTIFICATION,63.6,358,43.3,1,4,38.6,98.5,51,933,1
URBAN,REHABILITATION,136.57,75,38.6,0,0,60.0,67.9,26,141,0
URBAN,SURVEY,119.23,121,9.6,2,2,46.4,69.5,50,120,1
INDUSTRIAL,REHABILITATION,17.24,426,78.3,0,4,43.3,40.5,17,1031,1
INDUSTRIAL,REHABILITATION,97.11,148,95.7,5,2,54.2,8.6,59,791,1
ROAD,COMPLETED,80.61,497,47.6,3,2,19.8,89.0,6,1225,1
INDUSTRIAL,COMPENSATION,47.32,631,99.2,2,0,25.7,42.0,45,1036,0
URBAN,VALUATION,162.61,692,30.6,0,2,28.7,6.1,74,1271,1
INDUSTRIAL,COMPLETED,8.22,319,60.6,3,3,32.8,71.6,18,1061,1
IRRIGATION,SURVEY,153.84,74,35.5,4,1,4.3,96.9,19,694,1
IRRIGATION,NOTIFICATION,154.01,601,17.5,4,2,88.6,28.2,80,448,1
INDUSTRIAL,POSSESSION,228.48,230,43.8,2,2,84.2,24.2,78,387,1
IRRIGATION,REHABILITATION,55.97,357,91.2,3,3,86.9,89.9,73,1016,1
IRRIGATION,POSSESSION,78.13,396,25.4,2,2,36.3,30.1,13,154,1
IRRIGATION,COMPENSATION,242.73,314,47.4,0,4,33.1,64.1,24,1007,1
ROAD,REHABILITATION,75.78,200,65.5,4,1,83.7,50.9,20,519,0
INDUSTRIAL,COMPLETED,127.56,577,99.0,2,2,66.4,60.5,72,955,1
IRRIGATION,VALUATION,107.27,381,69.6,4,1,94.4,55.5,7,931,1
IRRIGATION,VALUATION,302.53,675,30.4,4,0,17.7,91.0,86,107,1
INDUSTRIAL,COMPENSATION,173.78,352,55.6,4,1,60.0,89.3,43,662,1
URBAN,VALUATION,58.66,452,58.9,2,0,32.3,86.1,67,158,0
IRRIGATION,POSSESSION,89.04,246,76.0,0,0,51.4,29.2,52,1103,1
RAILWAY,NOTIFICATION,156.04,322,60.8,3,3,1.8,55.9,45,1183,1
IRRIGATION,SURVEY,177.78,19,27.1,5,2,36.6,77.6,60,713,1
INDUSTRIAL,COMPLETED,105.96,234,85.1,1,0,90.7,72.3,58,303,0
INDUSTRIAL,VALUATION,47.81,226,49.8,4,2,55.9,81.5,70,443,1
URBAN,REHABILITATION,38.86,42,51.8,3,2,50.9,76.8,18,297,1
IRRIGATION,COMPENSATION,131.85,402,92.6,1,0,39.4,72.0,8,490,0
URBAN,REHABILITATION,12.25,157,93.9,1,2,50.3,10.2,13,911,1
ROAD,NOTIFICATION,89.09,114,47.9,1,2,81.5,14.2,49,214,1
URBAN,COMPENSATION,96.3,208,88.0,4,4,32.3,20.5,20,886,1
URBAN,POSSESSION,27.02,260,57.2,3,0,83.5,59.4,82,1081,1
ROAD,REHABILITATION,118.36,40,11.7,3,4,38.0,63.0,27,330,1
IRRIGATION,POSSESSION,82.71,545,5.2,0,0,86.1,28.3,31,897,1
IRRIGATION,COMPLETED,96.91,600,98.9,0,1,62.0,15.3,84,70,0
